Fund Name,P1,P2,P3,P4,P5,Topsis Score,Rank
M1,0.62,0.38,3.8,33.8,9.65,0.561369894219871,5
M2,0.75,0.56,5.7,50.3,14.33,0.5733031083205077,4
M3,0.95,0.9,6.5,65.6,18.49,0.4396374865441759,8
M4,0.61,0.37,6.2,43.6,12.7,0.6415168198110542,1
M5,0.6,0.36,6.4,61.2,17.14,0.6234887997820611,3
M6,0.76,0.58,5.3,68.0,18.66,0.5201023568485776,7
M7,0.66,0.44,6.2,47.2,13.63,0.6343243216150984,2
M8,0.8,0.64,5.7,37.1,11.06,0.5332298415523017,6
